EVALUATEUR,F1-SCORE
R1,0.6404494382022472
R2,0.5878962536023055
R3,0.6420454545454546
CONSENSUS,0.6555555555555556
