EVALUATEUR,F1-SCORE
R1,0.43010752688172044
R2,0.4
R3,0.4509090909090909
CONSENSUS,0.4664310954063604
