EVALUATEUR,F1-SCORE
R1,0.6111111111111112
R2,0.5587301587301587
R3,0.59375
CONSENSUS,0.6097560975609756
