EVALUATEUR,F1-SCORE
R1,0.41155234657039713
R2,0.40298507462686567
R3,0.43956043956043955
CONSENSUS,0.4412811387900356
