EVALUATEUR,F1-SCORE
R1,0.5955056179775281
R2,0.5549132947976878
R3,0.546448087431694
CONSENSUS,0.5567010309278351
