EVALUATEUR,F1-SCORE
R1,0.6354166666666666
R2,0.6310160427807486
R3,0.6192893401015228
CONSENSUS,0.6153846153846154
