EVALUATEUR,F1-SCORE
R1,0.5161290322580645
R2,0.49169435215946844
R3,0.5098039215686274
CONSENSUS,0.5286624203821656
