EVALUATEUR,F1-SCORE
R1,0.4036697247706422
R2,0.373134328358209
R3,0.39186691312384475
CONSENSUS,0.3970856102003643
