EVALUATEUR,F1-SCORE
R1,0.5088757396449705
R2,0.5
R3,0.5057471264367817
CONSENSUS,0.4864864864864865
