EVALUATEUR,F1-SCORE
R1,0.5966850828729282
R2,0.5568181818181818
R3,0.5483870967741935
CONSENSUS,0.5583756345177665
